page,genre
allo allo,Comedy
bitchin kitchen,N/A
coach,Comedy
open all hours,Comedy
ripping yarns,Adventure
alf,Comedy
nikita,Action
hercules the legendary journeys,Action
sanctuary,Drama
robin hood,Action
the likely lads,Comedy
dirty jobs,Reality-TV
arrested development,Comedy
night visions,Fantasy
big wave daves,
alcatraz,Action
jessie,Comedy
the palace,Drama
falling skies,Action
the one million chance of a lifetime,
bosom buddies,Comedy
yes dear,Animation
game of thrones,Adventure
the wild wild west,Action
leave it to beaver,Comedy
get smart,Action
twenty one jump street,
lamb chops play along,
i dream of jeannie,Comedy
life on mars2006,Crime
step by step,Comedy
bomb girls,Drama
what would you do nickelodeon,
white christmas,Comedy
life on mars2008,Crime
wilfred,Comedy
pardon the interruption,Sport
stromberg,Comedy
clash of the dinosaurs,Documentary
the puzzle place,Family
mad men,Drama
crank yankers,Animation
it aint half hot mum,
im a celebrity get me out of here,
animorphs,Sci-Fi
tosh0,
becker,Comedy
gilligans island,
leonardo,Adventure
blackout,Horror
the most extreme,Documentary
death valley,Comedy
camelot,Drama
dirk gently,Comedy
the good life,Comedy
unhappily ever after,Comedy
battlestar galactica classic,
chef,Adventure
phone shop,
doctor who,Adventure
the addams family,Comedy
the golden girls,Comedy
profiler,Crime
how to rock,Comedy
i love lucy,Comedy
living single,Comedy
malparida,N/A
life support,Drama
horatio hornblower,Action
hardy boys nancy drew mysteries,Family
jeopardy,Crime
smart guy,Comedy
my three sons,Comedy
the thick of it,Comedy
la petite vie,N/A
maverick,Action
corner gas,Comedy
dr quinn medicine woman,Drama
baywatch,Action
fireball xl5,Family
the last enemy,Drama
the names the same,
against the wall,Action
archie bunkers place,
just shoot me,Documentary
merlin,Adventure
jonas,Comedy
remington steele,Adventure
meerkat manor,Documentary
pan am,Drama
benson,Comedy
luther,Crime
rocky jones space ranger,Family
fairly legal,Comedy
true life,Documentary
titanic,Drama
mantis,Short
sports night,Comedy
a for andromeda,Drama
american guns,Reality-TV
jurassic fight club,Documentary
beakmans world,
the listener,Crime
better with you,Comedy
la que se avecina,Comedy
evasive inquiry agency,Comedy
delightful girl choon hyang,
los unicos,Action
casados con hijos,Comedy
being human,Drama
the incredible hulk,Action
trollied,Comedy
bait car,Crime
glasgow kiss,N/A
hey dude,Adventure
wheel of fortune,Family
fear itself,Horror
are you being served,Comedy
scandal,Drama
drake and josh,Adventure
knight rider,Action
godivas,
the voice,Game-Show
dead set,Comedy
first wave,Adventure
the daily show,Talk-Show
insecurity,Comedy
downfall,Biography
connor undercover,Family
adventures in wonderland,Comedy
the jim henson hour,Comedy
lassie,Family
taken,Action
the jokers wild,
my name is earl,Comedy
james mays man lab,
two pints of lager and a packet of crisps,Comedy
strike back,Action
canadas worst driver,
barney and friends,
finders keepers,Thriller
homicide life on the street,Crime
growing pains,Comedy
columbo,Crime
clue,Comedy
the others,Horror
johnny bago,Comedy
the peoples court,
far out space nuts,Comedy
daddys daughters,
only fools and horses,Comedy
as the world turns,Drama
weird science,Comedy
the adventures of shirley holmes,Mystery
special unit2,
the outer limits,Drama
eagleheart,Action
blade,Action
misfits,Comedy
the chasers war on everything,
big time rush,Comedy
im alan partridge,
friday night dinner,Comedy
dream house,Drama
im telling,
hot potato,Comedy
webster,Comedy
the mighty boosh,Comedy
code name eternity,Action
just cause,Action
casanova,Adventure
teen wolf,Comedy
according to jim,Comedy
die wochenshow,Comedy
the hollowmen,Comedy
the games,Drama
workaholics,Comedy
patito feo,Comedy
bones,Comedy
the fall guy,Action
alarm fur cobra11,
its me or the dog,
dog the bounty hunter,Adventure
csi,Crime
awkward,Short
eureekas castle,
insomniac with dave attell,Comedy
the legend of dick and dom,Comedy
single father,Drama
the good guys,Action
amazing,Action
ive got a secret,
jeeves and wooster,Comedy
merlin-1998,Adventure
the comic strip presents,Comedy
buffy the vampire slayer,Action
married with children,Comedy
im in the band,
da vincis inquest,
koreanosaurus,
beastmaster,Action
my wife and kids,Comedy
ally mc beal,
kaamelott,Comedy
mr sunshine,Comedy
stargate atlantis,Action
the andy griffith show,Comedy
the sentinel,Action
the fresh prince of bel air,Comedy
beauty and the beast,Animation
bored to death,Comedy
being human remake,
anna und die liebe,
how not to live your life,Comedy
alias,Action
switch,Comedy
reaper,Adventure
ghost hunters,Documentary
scrubs,Comedy
life with derek,Comedy
how i met your mother,Comedy
ncis,Action
robot wars,Action
zen,Crime
the sarah jane adventures,Drama
as time goes by,Comedy
hells kitchen,
burn notice,Action
ten point five,
revenge,Drama
malcolm in the middle,Comedy
the storyteller,Fantasy
around the horn,Sport
glee,Comedy
newhart,Comedy
one thousand ways to die,
happy days,Comedy
the dresden files,Action
reno911,
diplomatic immunity,Action
the war next door,Action
the dick van dyke show,Comedy
sons of guns,Reality-TV
the fall and rise of reginald perrin,Comedy
the vampyr a soap opera,Drama
tucker,Comedy
star trek the original series,
absolutely fabulous,Comedy
the x- files,Drama
youre skitting me,
blackadder,Comedy
attack of the show,News
home improvement,Comedy
split second,Action
freddys nightmares,
waiting for god,Comedy
garth marenghis darkplace,
crash course,Comedy
dream high,Comedy
so little time,Comedy
pizza,Horror
scarecrow and mrs king,
hearts afire,Comedy
luck,Drama
dead gorgeous,Comedy
so random,Comedy
the champions,Adventure
thats so raven,
house,Comedy
guiding light,Drama
level up,Comedy
second chance,Crime
sixteen and pregnant,
randall and hopkirk deceased,
the munsters,Comedy
what i like about you,Comedy
wipeout2008,Comedy
family affair,Comedy
rev,Short
restaurant impossible,Reality-TV
running wilde,Comedy
millennium,Crime
prime suspect us,
happy endings,Comedy
witchblade,Action
sctv,Comedy
whale wars,Documentary
dark shadows,Comedy
parks and recreation,Comedy
studio3,
ninja turtles the next mutation,Action
jeremiah,Action
sonic the hedgehog,Animation
love keeps going,Drama
wheaton,Comedy
bedlam,Drama
the apprentice,Game-Show
americas most wanted,
whammy,Comedy
rab c nesbitt,Comedy
shake it up,Short
this hour has22 minutes,
murdoch mysteries,Crime
body language,Drama
dead ringers,Drama
the vicar of dibley,Comedy
little house on the prairie,Drama
alphas,Action
down with love,Comedy
monarch of the glen,Comedy
athena goddess of war,Action
botineras,N/A
phoenix nights,Comedy
britains got talent,
caprica,Action
kamen rider fourze,Sci-Fi
whats happening,
the atheist experience,Talk-Show
the monkees,Comedy
dagvaktin,Comedy
joey,Comedy
hi de hi,Comedy
relic hunter,Fantasy
treinta y un minutos,
new girl,Comedy
the adventures of superboy,Action
seinfeld,Comedy
you are beautiful,Comedy
top gear us,
the jury,Drama
jim rome is burning,
samantha who,Comedy
grimm,Drama
the adventures of robin hood,Action
blossom,Comedy
grandmas house,
aaron stone,Adventure
drop the dead donkey,Comedy
hey dad,Animation
the game,Drama
the bernie mac show,Comedy
the league of gentlemen,Comedy
friday night lights,Action
frasier,Comedy
mamas family,
drew careys improv a ganza,
men behaving badly,Comedy
neverland,Adventure
the arsenio hall show,Comedy
dear john,Drama
boomtown,Crime
the royle family,Comedy
christmas on vesterbro,
cold case,Crime
all in the family,Comedy
haven,Crime
john adams,Biography
saturday night live,Comedy
the girl from uncle,Action
the cosby show,Comedy
dino lab,
the hitchhikers guide to the galaxy,
merv griffins crosswords,
summers desire,
the adventures of superman,
the young ones,Comedy
lie to me,Crime
hamish macbeth,Comedy
family matters,Comedy
soupy norman,
that girl,Comedy
virtues of harmony,
third rock from the sun,
raines,Crime
the suite life of zack and cody,Comedy
master chef,Reality-TV
the king of queens,Comedy
the it crowd,Comedy
better off ted,Comedy
lawman,Western
the adventures of sinbad,Fantasy
mad about you,Comedy
inspector george gently,Crime
the middle,Comedy
seven periods with mr gormsby,Comedy
the goodies,Comedy
the new statesman,Comedy
the adventures of sherlock holmes and doctor watson,Crime
seventh heaven,Drama
father ted,Comedy
the waltons,Drama
colgate comedy hour,Comedy
kytv,Comedy
spartacus blood and sand,Animation
you have been watching,Comedy
curb your enthusiasm,Comedy
the invaders,Drama
frontline,Documentary
break the bank1985,Game-Show
still standing,Comedy
ax men,Documentary
adam adamant lives,Adventure
arliss,Family
full house,Comedy
tokumei sentai go busters,Action
boy meets world,Comedy
the inbetweeners,Comedy
firefly,Adventure
storylords,Family
out of jimmys head,
combat,Short
the big bang theory,Comedy
young dracula,Comedy
the thin blue line,Documentary
alarm fuer cobra11,
that70s show,
face the music,Comedy
el chapulin colorado,Adventure
petticoat junction,Comedy
the nanny,Comedy
mission impossible,Short
win ben steins money,
fifteen love,
alien nation,Action
arthur of the britons,Adventure
drive,Crime
person of interest,Action
noob,Comedy
tatort,Crime
takeshis castle,
lois and clark,Short
news radio,Talk-Show
hornblower,Action
cybill,Comedy
shooting stars,Comedy
zeke and luther,Action
alice1976,Comedy
zoom,Action
taxi,Action
power rangers rpm,Action
spaced,Comedy
antiques road show,
dream high2,
you cant do that on television,
animal planet heroes,Documentary
winter sonata,Romance
stargate universe,Drama
herederos de una venganza,Drama
army wives,Drama
night court,Comedy
animal face off,N/A
hausmeister krause,Comedy
my spy family,Comedy
wmac masters,Sport
dateline,News
cupid,Comedy
punky brewster,Family
brimstone,Fantasy
woof,Short
hikonin sentai akibaranger,
chris ryans strike back,
the weird al show,Family
melissa and joey,
keeping up appearances,Comedy
beautiful people,Comedy
pitfall,Crime
boris,Comedy
jackpot,Action
queen of swords,Action
roseanne,Comedy
dawsons creek,
afterschool special,Short
star trek the next generation,Action
rush,Action
please sir,Comedy
lost girl,Drama
vintergatan,N/A
devil beside you,
strangers with candy,Comedy
auction hunters,Reality-TV
justified,Action
land of the lost,Adventure
smash,Drama
party down,Comedy
danger man,Action
vengeance unlimited,Crime
the bob newhart show,Comedy
titus,Drama
wallander,Crime
mystery science theater3000,
young blades,Action
star trek enterprise,Action
was guckst du,Comedy
life after dinosaurs,
murphy brown,Comedy
dick and doms funny business,
lost in space,Action
mostly harmless,
two point four children,
americas funniest home videos,
highlander,Action
sanford and son,Comedy
the wayans bros,Comedy
reba,Comedy
the a team,Documentary
criminal minds suspect behavior,Crime
canadas worst handyman,
the fades,Fantasy
alice2009,Comedy
smallville,Adventure
the cape,Action
xena warrior princess,Documentary
the borgias,Crime
the collector,Horror
heil honey im home,
american chopper,Comedy
alfred hitchcock presents,Crime
top chef,Game-Show
sir arthur conan doyles the lost world,
viper,Crime
pets,Drama
barefoot contessa,Documentary
chespirito,Comedy
pj katies farm,
suits,Comedy
the facts of life,Comedy
after lately,Comedy
sirens,Comedy
you rang m lord,
amen,Drama
ace of cakes,Reality-TV
steptoe and son,Comedy
not going out,Comedy
greys anatomy,
mac gyver,
little mosque on the prairie,Comedy
man about the house,Comedy
perfect strangers,Comedy
rutland weekend television,Comedy
mythbusters,Documentary
one hundred deeds for eddie mcdowd,
sherlock holmes,Action
barney miller,Comedy
veep,Comedy
starsky and hutch,Action
bizarre dinosaurs,Documentary
cheap seats,Short
wkrp in cincinnati,Comedy
monk,Comedy
americas got talent,
young hercules,Action
the brady bunch,Comedy
russell howards good news,
dan le batard is highly questionable,
monty pythons flying circus,
star trek voyager,Action
terriers,Crime
le coeur a ses raisons,Comedy
black and white tw,
mrs browns boys,
its garry shandlings show,
gimme gimme gimme,Comedy
house of lies,Comedy
fresh meat,Comedy
prison break,Action
community,Comedy
the great outdoors,Comedy
the rat patrol,Action
the quest for karla,
the honeymooners,Comedy
one foot in the grave,Comedy
wild romance,Biography
spin city,Comedy
people like us,Drama
the secret circle,Drama
modern family,Comedy
whats my line,
my place,Drama
laverne and shirley,N/A
the cross wits,Game-Show
mars,Action
jackass,Action
dinnerladies,Comedy
desmonds,
honey i shrunk the kids,Adventure
girls,Comedy
the mole,Adventure
crime story,Action
dads army,
the fugitive,Action
raising hope,Comedy
countdown with keith olbermann,
lead balloon,Comedy
awake,Crime
whitney,Comedy
the invisible man,Drama
f troop,Comedy
diffrent strokes,
survivor,Adventure
the librarians,Adventure
lizzie mc guire,
son de fierro,N/A
lasko die faust gottes,
the osbournes,Comedy
danger5,
one eight hundred missing,
american restoration,Reality-TV
battlestar galactica reimagined,
the mary tyler moore show,Comedy
fawlty towers,Comedy
pee wees playhouse,
everybody loves raymond,Comedy
wizards and warriors,Adventure
todays special,
golden palace,Comedy
sherlock,Crime
grounded for life,Comedy
flash forward,Family
chase,Action
the war at home,Comedy
the increasingly poor decisions of todd margaret,Comedy
black books,Comedy
wonder woman,Animation
blank check,Comedy
i claudius,Documentary
sliders,Sci-Fi
after mash,Comedy
the secrets of isis,
max headroom,Comedy
my phone genie,Comedy
sos mi vida,
the x factor,Music
everybody hates chris,Comedy
peep show,Comedy
dinosaur revolution,Documentary
twenty four,Comedy
sabrina the teenage witch,Comedy
cheers,Comedy
let them eat cake,Comedy
its always sunny in philadelphia,
monsters resurrected,Documentary
mongrels,Comedy
night gallery,Drama
naeturvaktin,
american horror story,Drama
good luck charlie,Comedy
identity,Mystery
the office,Comedy
nyc22,
dont trust the b in apartment23,
dasshutsu game dero,
slings and arrows,Comedy
stingray,Family
the red green show,Comedy
wild boys,Adventure
welcome back kotter,Comedy
between the lions,Comedy
rome,Action
tomorrows pioneers,
law and order la,
the norm show,
outnumbered,Comedy
all the small things,Drama
red dwarf,Comedy
puppy bowl,Game-Show
lie to me sk,
beetleborgs,Action
no heroics,Comedy
tales from the darkside,Fantasy
suddenly susan,Comedy
lifes too short,
kung fu,Adventure
will and grace,
what would you do,Short
psych,Comedy
the naked truth,Comedy
once upon a time,Adventure
river monsters,Documentary
the jeff foxworthy show,Comedy
hang time,Comedy
doctor candido perez,
the man from uncle,Action
torchwood,Action
body of proof,Crime
homeland,Drama
russian roulette,Crime
mister rogers neighborhood,Family
name that tune,Game-Show
borgen,Drama
the walking dead,Drama
kingdom,Drama
last of the summer wine,Comedy
the beverly hillbillies,Comedy
the firm,Drama
fraggle rock,Animation
without a trace,Crime
hannah montana,Comedy
kaizoku sentai gokaiger,Adventure
the old guys,Comedy
fated to love you,Comedy
raumpatrouille,Adventure
hallo spencer,Family
wings,Drama
austin and ally,
renegade,Adventure
brady bunch spin offs,
lost,Adventure
blood ties,Crime
grange hill,Comedy
the secret adventures of jules verne,Horror
forever knight,Crime
him and her,Short
the hard times of rj berger,Comedy
bewitched,Comedy
goodnight sweetheart,Comedy
sports nation,
ein herz und eine seele,Comedy
yes minister,Comedy
the wanderer,Drama
absolutely,Comedy
torchwood children of earth,
quantum leap,Action
combat hospital,Drama
red cap,Crime
best love,Short
scrabble,Game-Show
yo soy betty la fea,Comedy
law and order,Western
the chronicle,Comedy
captain bluebear,
tin man,Adventure
caitlins way,
the o reilly factor,
dragons den,Reality-TV
bottom,Comedy
camera cafe,Comedy
for love please ring bell twice,
parker lewis cant lose,
inspector lynley,Crime
noels christmas presents,
dino gangs,Documentary
portlandia,Comedy
jonathan creek,Crime
the adventures of lano and woodley,
porridge,Comedy
benidorm,Comedy
war of the worlds,Adventure
saved by the bell,Comedy
sweet genius,Reality-TV
it takes a thief,Adventure
pretty little liars,Drama
off centre,Comedy
suburgatory,Comedy
two broke girls,
necessary roughness,Comedy
who do you think you are,Animation
roar,Action
the prisoner,Drama
fringe,Drama
green acres,Comedy
true jackson vp,Comedy
animal armageddon,Documentary
star trek deep space nine,Action
blakes seven,
the finder,Comedy
threes company,
the magnificent seven,Action
kir royal,Comedy
touch,Drama
the hogan family,
pit bulls and parolees,Drama
state of play,Crime
whites,Comedy
between the lines,Comedy
conquest,Action
mawang,
how its made,
whos the boss,Short
aqui no hay quien viva,Comedy
mysterious ways,Drama
scattergories,Family
flash gordon,Action
dont tell my mother,
mr brain,Drama
mastermind,Game-Show
flashpoint,Action
rowan and martins laugh in,
mad dogs,Comedy
young indiana jones,Action
good times,Comedy
oddities,Reality-TV
maid marian and her merry men,Adventure
jack of all trades,Adventure
may to december,Comedy
my family,Comedy
batman,Action
the heart she holler,Comedy
mr belvedere,Comedy
thank god youre here,
ironside,Crime
the three stooges,Comedy
the drew carey show,Comedy
horrible histories,Comedy
criminal minds,Crime
kamen rider,Action
the colbert report,Comedy
campion,Adventure
charmed,Drama
duel,Thriller
room101,
the many loves of dobie gillis,Comedy
the rotten tomatoes show,Comedy
monopoly,Crime
kikaider,Animation
whose line is it anyway,Comedy
dollhouse,Drama
up,Animation
the king2 hearts,
the class,Drama
skippy the bush kangaroo,
getting on,Comedy
the roman mysteries,
drunken to love you,
the avengers,Action
manchild,Comedy
all creatures great and small,Comedy
vidas robadas,Drama
shadow chasers,Fantasy
rookie blue,Crime
voyage to the bottom of the sea,Action
private schulz,Comedy
crusade,Action
torchwood miracle day,
conan,Comedy
lucky louie,Comedy
rules of engagement,Action
bron broen,Documentary
filthy rich and catflap,
rainbow,Comedy
harry hills tv burp,
death in paradise,Crime
terra nova,Adventure
dick and dom in da bungalow,Comedy
band of brothers,Action
seeing things,Comedy
doogie howser md,Comedy
human target,Action
arabian nights,Comedy
dinosaur planet,Documentary
less than perfect,Comedy
the brittas empire,Comedy
son of the beach,Comedy
switched at birth,Drama
neds declassified school survival guide,
too close for comfort,Comedy
storm chasers,Documentary
charlies angels,
parenthood,Comedy
thirty rock,
catch phrase,Game-Show
miranda,Comedy
franklin and bash,
the mystic knights of tir na nog,
friends,Comedy
gold rush,Game-Show
childs play,Documentary
diagnosis murder,Crime
coupling,Comedy
the flash,Action
sue thomas fb eye,
tim and eric awesome show great job,Comedy
pramface,Comedy
the trip,Comedy
black mirror,Drama
mash,Comedy
the twilight zone,Fantasy
pit boss,Reality-TV
extras,Comedy
tales from the crypt,Comedy
the time tunnel,Action
til death,Horror
breakout kings,Crime
the parkers,Comedy
dinosaurs decoded,Documentary
